photo_file_name,caption
islander-1680-01,Villa Islander/Grace Bay/Turks &amp; Caicos/2016
islander-1680-02,Villa Islander/Grace Bay/Turks &amp; Caicos/2016
islander-1680-03,Villa Islander/Grace Bay/Turks &amp; Caicos/2016
islander-1680-04,Villa Islander/Grace Bay/Turks &amp; Caicos/2016
islander-1680-05,Villa Islander/Grace Bay/Turks &amp; Caicos/2016
islander-1680-06,Villa Islander/Grace Bay/Turks &amp; Caicos/2016
islander-1680-07,Villa Islander/Grace Bay/Turks &amp; Caicos/2016
islander-1680-08,Villa Islander/Grace Bay/Turks &amp; Caicos/2016
islander-1680-09,Villa Islander/Grace Bay/Turks &amp; Caicos/2016
islander-1680-10,Villa Islander/Grace Bay/Turks &amp; Caicos/2016
islander-1680-11,Villa Islander/Grace Bay/Turks &amp; Caicos/2016
islander-1680-12,Villa Islander/Grace Bay/Turks &amp; Caicos/2016
islander-1680-13,Villa Islander/Grace Bay/Turks &amp; Caicos/2016
islander-1680-14,Villa Islander/Grace Bay/Turks &amp; Caicos/2016
islander-1680-15,Villa Islander/Grace Bay/Turks &amp; Caicos/2016
islander-1680-16,Villa Islander/Grace Bay/Turks &amp; Caicos/2016
islander-1680-17,Villa Islander/Grace Bay/Turks &amp; Caicos/2016
islander-1680-18,Villa Islander/Grace Bay/Turks &amp; Caicos/2016
islander-1680-19,Villa Islander/Grace Bay/Turks &amp; Caicos/2016
islander-1680-20,Villa Islander/Grace Bay/Turks &amp; Caicos/2016
islander-1680-21,Villa Islander/Grace Bay/Turks &amp; Caicos/2016
islander-1680-22,Villa Islander/Grace Bay/Turks &amp; Caicos/2016
islander-1680-23,Villa Islander/Grace Bay/Turks &amp; Caicos/2016
islander-1680-24,Villa Islander/Grace Bay/Turks &amp; Caicos/2016
islander-1680-25,Villa Islander/Grace Bay/Turks &amp; Caicos/2016
islander-1680-26,Villa Islander/Grace Bay/Turks &amp; Caicos/2016
islander-1680-27,Villa Islander/Grace Bay/Turks &amp; Caicos/2016
islander-1680-28,Villa Islander/Grace Bay/Turks &amp; Caicos/2016
islander-1680-29,Villa Islander/Grace Bay/Turks &amp; Caicos/2016
islander-1680-20,Villa Islander/Grace Bay/Turks &amp; Caicos/2016
islander-1680-21,Villa Islander/Grace Bay/Turks &amp; Caicos/2016
islander-1680-22,Villa Islander/Grace Bay/Turks &amp; Caicos/2016
islander-1680-23,Villa Islander/Grace Bay/Turks &amp; Caicos/2016
islander-1680-24,Villa Islander/Grace Bay/Turks &amp; Caicos/2016
islander-1680-25,Villa Islander/Grace Bay/Turks &amp; Caicos/2016
islander-1680-26,Villa Islander/Grace Bay/Turks &amp; Caicos/2016
islander-1680-27,Villa Islander/Grace Bay/Turks &amp; Caicos/2016
islander-1680-28,Villa Islander/Grace Bay/Turks &amp; Caicos/2016
islander-1680-29,Villa Islander/Grace Bay/Turks &amp; Caicos/2016
islander-1680-30,Villa Islander/Grace Bay/Turks &amp; Caicos/2016
islander-1680-31,Villa Islander/Grace Bay/Turks &amp; Caicos/2016
islander-1680-32,Villa Islander/Grace Bay/Turks &amp; Caicos/2016
islander-1680-33,Villa Islander/Grace Bay/Turks &amp; Caicos/2016
raku-1680-01,Raku/Koh Samui/Thailand/2017
raku-1680-02,Raku/Koh Samui/Thailand/2017
raku-1680-03,Raku/Koh Samui/Thailand/2017
raku-1680-04,Raku/Koh Samui/Thailand/2017
raku-1680-05,Raku/Koh Samui/Thailand/2017
raku-1680-06,Raku/Koh Samui/Thailand/2017
raku-1680-07,Raku/Koh Samui/Thailand/2017
raku-1680-08,Raku/Koh Samui/Thailand/2017
raku-1680-08,Raku/Koh Samui/Thailand/2017
raku-1680-10,Raku/Koh Samui/Thailand/2017
raku-1680-11,Raku/Koh Samui/Thailand/2017
raku-1680-12,Raku/Koh Samui/Thailand/2017
raku-1680-13,Raku/Koh Samui/Thailand/2017
raku-1680-14,Raku/Koh Samui/Thailand/2017
raku-1680-15,Raku/Koh Samui/Thailand/2017
raku-1680-16,Raku/Koh Samui/Thailand/2017
raku-1680-17,Raku/Koh Samui/Thailand/2017
raku-1680-18,Raku/Koh Samui/Thailand/2017
raku-1680-18,Raku/Koh Samui/Thailand/2017
raku-1680-20,Raku/Koh Samui/Thailand/2017
raku-1680-21,Raku/Koh Samui/Thailand/2017
130616-photographer-rocco-marosi-3002,MuchMore/Seminyak Bali/2012/photo: Rocco Marosi
130616-photographer-rocco-marosi-3026,MuchMore/Seminyak Bali/2012/photo: Rocco Marosi
130622-photographer-rocco-marosi-2992,MuchMore/Seminyak Bali/2012/photo: Rocco Marosi
130622-photographer-rocco-marosi-3021,MuchMore/Seminyak Bali/2012/photo: Rocco Marosi
130622-photographer-rocco-marosi-3209,MuchMore/Seminyak Bali/2012/photo: Rocco Marosi
130622-photographer-rocco-marosi-3342,MuchMore/Seminyak Bali/2012/photo: Rocco Marosi
130622-photographer-rocco-marosi-3359,MuchMore/Seminyak Bali/2012/photo: Rocco Marosi
130622-photographer-rocco-marosi-3367,MuchMore/Seminyak Bali/2012/photo: Rocco Marosi
130625-photographer-rocco-marosi-3440,MuchMore/Seminyak Bali/2012/photo: Rocco Marosi
130625-photographer-rocco-marosi-3444,MuchMore/Seminyak Bali/2012/photo: Rocco Marosi
130625-photographer-rocco-marosi-3466,MuchMore/Seminyak Bali/2012/photo: Rocco Marosi
130625-photographer-rocco-marosi-3469,MuchMore/Seminyak Bali/2012/photo: Rocco Marosi
05,MuchMore/Seminyak Bali/2012
06,MuchMore/Seminyak Bali/2012
07,MuchMore/Seminyak Bali/2012
08,MuchMore/Seminyak Bali/2012
09,MuchMore/Seminyak Bali/2012
16,MuchMore/Seminyak Bali/2012
17,MuchMore/Seminyak Bali/2012
18,MuchMore/Seminyak Bali/2012
27,MuchMore/Seminyak Bali/2012
28,MuchMore/Seminyak Bali/2012
29,MuchMore/Seminyak Bali/2012
30,MuchMore/Seminyak Bali/2012
36,MuchMore/Seminyak Bali/2012
37,MuchMore/Seminyak Bali/2012
38,MuchMore/Seminyak Bali/2012
43,MuchMore/Seminyak Bali/2012
44,MuchMore/Seminyak Bali/2012
brennan_house_bali077E-05,Brennan House/Bali/2012
brennan_house_bali082E-08,Brennan House/Bali/2012
brennan_house_bali084E-07,Brennan House/Bali/2012
brennan_house_bali088E-01,Brennan House/Bali/2012
brennan_house_bali090E-06,Brennan House/Bali/2012
brennan_house_bali091E-02,Brennan House/Bali/2012
brennan_house_bali092E-03,Brennan House/Bali/2012
brennan_house_bali093E-04,Brennan House/Bali/2012
brennan_house_bali100E-06,Brennan House/Bali/2012
brennan_house_vert01-09,Brennan House/Bali/2012
brennan_house_vert02-10,Brennan House/Bali/2012
img/02,Castaway/Bukit/Bali/2006
img/03,Castaway/Bukit/Bali/2006
img/04,Castaway/Bukit/Bali/2006
img/00,Castaway/Bukit/Bali/2006
img/10,Castaway/Bukit/Bali/2006
img/11,Castaway/Bukit/Bali/2006
img/12,Castaway/Bukit/Bali/2006
img/13,Castaway/Bukit/Bali/2006
img/14,Castaway/Bukit/Bali/2006
img/15,Castaway/Bukit/Bali/2006
img/20,Castaway/Bukit/Bali/2006
img/21,Castaway/Bukit/Bali/2006
img/22,Castaway/Bukit/Bali/2006
img/23,Castaway/Bukit/Bali/2006
img/24,Castaway/Bukit/Bali/2006
img/31,Castaway/Bukit/Bali/2006
img/32,Castaway/Bukit/Bali/2006
img/35,Castaway/Bukit/Bali/2006
img/39,Castaway/Bukit/Bali/2006
img/40,Castaway/Bukit/Bali/2006
img/46,Castaway/Bukit/Bali/2006
img/47,Khumbat House/Berawa/Bali/2011
